{"cameraMode":{"drawMode":0,"name":"Shaded","section":"Shading Mode"},"sceneLighting":true,"audioPlay":false,"sceneViewState":{"showFog":true,"showMaterialUpdate":false,"showSkybox":true,"showFlares":true,"showImageEffects":true,"showParticleSystems":true},"in2DMode":false,"pivot":{"x":-9.868887901306153,"y":-2.5461008548736574,"z":12.8057279586792},"rotation":{"x":0.08110605180263519,"y":-0.8973608016967773,"z":0.18564414978027345,"w":0.39204782247543337},"size":12.090286254882813,"orthographic":false}